,total,Vaccinated,Declined,Inappropriate/unsuccessful,Unreached,Vaccinated_percent,Declined_percent,Inappropriate/unsuccessful_percent,Unreached_percent
no,4286226.0,3563882.0,103880.0,3416.0,615048.0,83.14731887679278,2.423577291538057,0.0796971508268598,14.349406680842307
yes,34720.0,10486.0,1547.0,126.0,22561.0,30.201612903225808,4.455645161290323,0.3629032258064484,64.97983870967742
