,total,Vaccinated,Declined,Contraindicated/unsuccessful,No Records,Vaccinated_percent,Declined_percent,Contraindicated/unsuccessful_percent,No Records_percent
Unknown,82649.0,78309.0,1617.0,49.0,2674.0,94.7488777843652,1.9564665029219954,0.05928686372490688,3.2353688489878887
1 (most deprived),1418151.0,1292823.0,44093.0,1029.0,80206.0,91.16257718677348,3.1091893599482705,0.07255926907642163,5.655674184201823
2,1750252.0,1627276.0,43393.0,840.0,78743.0,92.97381177110496,2.4792429890095824,0.04799308899518451,4.498952150890272
3,2142014.0,2033731.0,38437.0,952.0,68894.0,94.94480428232495,1.7944327161260385,0.0444441539597733,3.2163188475892315
4,2298051.0,2203257.0,33313.0,1029.0,60452.0,95.87502627226289,1.449619699475773,0.04477707413803955,2.6305769541232986
5 (least deprived),2398466.0,2316650.0,26740.0,1106.0,53970.0,96.5888196872501,1.1148792603272257,0.04611280710254562,2.2501882453201336
