,total,Vaccinated,Declined,Inappropriate/unsuccessful,Unreached,Vaccinated_percent,Declined_percent,Inappropriate/unsuccessful_percent,Unreached_percent
75-<80,2023672.0,1939014.0,34237.0,889.0,49532.0,95.81661455018403,1.6918255527575614,0.043930043999210966,2.4476298530591913
80-<85,1408393.0,1351791.0,27048.0,546.0,29008.0,95.98109334539436,1.9204866823393754,0.03876758830810445,2.059652383958171
85-<120,1357321.0,1295700.0,29190.0,511.0,31920.0,95.46010118461292,2.1505598159904693,0.037647689824297004,2.351691309572312
65-<70,2517046.0,2323342.0,45948.0,1477.0,146279.0,92.30431227716934,1.825473193576915,0.058679896990369684,5.811534632263375
70-<75,2783249.0,2639336.0,51128.0,1610.0,91175.0,94.82931638527491,1.8369897914272133,0.05784606407834758,3.275847759219531
