,total,Vaccinated,Declined,Inappropriate/unsuccessful,Unreached,Vaccinated_percent,Declined_percent,Inappropriate/unsuccessful_percent,Unreached_percent
Unknown,69769.0,61110.0,1134.0,42.0,7483.0,87.58904384468747,1.6253637002106953,0.060198655563354464,10.725393799538477
1 (most deprived),1294251.0,1002540.0,31759.0,861.0,259091.0,77.46101799419124,2.4538516871920515,0.06652496308674927,20.018605355529957
2,1491476.0,1220919.0,29190.0,812.0,240555.0,81.85978185368052,1.9571216700771585,0.05444271312444471,16.128653763117878
3,1665538.0,1444177.0,25200.0,903.0,195258.0,86.70933956475325,1.5130246202728488,0.05421671555977525,11.723419099414123
4,1735552.0,1549443.0,20559.0,966.0,164584.0,89.2766681724316,1.184579891584925,0.05565952503870619,9.48309241094476
5 (least deprived),1816241.0,1654870.0,15988.0,1190.0,144193.0,91.1151108250502,0.8802796545172143,0.06551993925917543,7.939089581173423
