,total,Vaccinated,Declined,Inappropriate/unsuccessful,Unreached,Vaccinated_percent,Declined_percent,Inappropriate/unsuccessful_percent,Unreached_percent
no,2577561.0,2466506.0,53676.0,980.0,56399.0,95.69146957142819,2.0824337425961983,0.03802043870155103,2.1880762472740702
yes,1302.0,1232.0,42.0,0.0,28.0,94.6236559139785,3.225806451612903,0.0,2.150537634408602
