,total,Vaccinated,Declined,Inappropriate/unsuccessful,Unreached,Vaccinated_percent,Declined_percent,Inappropriate/unsuccessful_percent,Unreached_percent
Female,1532160.0,1332324.0,21987.0,630.0,177219.0,86.95723684210526,1.435032894736842,0.041118421052644294,11.566611842105264
Male,1583071.0,1267651.0,26460.0,1253.0,287707.0,80.07543565639192,1.6714348250962843,0.07914995600323493,18.173979562508567
