,total,Vaccinated,Declined,Inappropriate/unsuccessful,Unreached,Vaccinated_percent,Declined_percent,Inappropriate/unsuccessful_percent,Unreached_percent
Unknown,62055.0,52990.0,1498.0,84.0,7483.0,85.39199097574732,2.413987591652566,0.1353637901861191,12.058657642413987
1 (most deprived),1614564.0,1256983.0,64393.0,1715.0,291473.0,77.85278254686715,3.9882593690928325,0.10622062674504207,18.052737457294974
2,1396969.0,1142288.0,43771.0,1078.0,209832.0,81.76902994984141,3.1332835589050294,0.07716706669940265,15.02051942455416
3,1214472.0,1047578.0,28357.0,1015.0,137522.0,86.2578964356527,2.3349241481071608,0.08357541384239653,11.32360400239775
4,1066555.0,949151.0,19516.0,903.0,96985.0,88.99222262330588,1.829816558921012,0.08466511337906013,9.093295704394054
5 (least deprived),961576.0,875350.0,13111.0,665.0,72450.0,91.03284607768913,1.3634907693203657,0.06915730009900756,7.534505852891503
