,total,Vaccinated,Declined,Inappropriate/unsuccessful,Unreached,Vaccinated_percent,Declined_percent,Inappropriate/unsuccessful_percent,Unreached_percent
no,4747757.0,4522154.0,84077.0,2471.0,139055.0,95.2482193170375,1.770878332652661,0.05204562912550159,2.9288567211843404
yes,7168.0,6741.0,182.0,14.0,231.0,94.04296875,2.5390625,0.1953125,3.22265625
