,total,Vaccinated,Declined,Inappropriate/unsuccessful,Unreached,Vaccinated_percent,Declined_percent,Inappropriate/unsuccessful_percent,Unreached_percent
Unknown,20265.0,17871.0,609.0,35.0,1750.0,88.18652849740933,3.005181347150259,0.1727115716753076,8.635578583765112
1 (most deprived),612122.0,504742.0,27132.0,707.0,79541.0,82.45774535141688,4.432449740411225,0.11549985133682128,12.994305056835076
2,479374.0,406875.0,17843.0,434.0,54222.0,84.87631786454835,3.7221459653631612,0.09053473905549936,11.311001431032972
3,361319.0,321062.0,9849.0,371.0,30037.0,88.85832187070152,2.725846135962958,0.10267934982660165,8.313152643508921
4,284746.0,260946.0,5880.0,238.0,17682.0,91.64167363193864,2.0649982791681007,0.08358326368062308,6.2097448252126455
5 (least deprived),233051.0,218183.0,3612.0,189.0,11067.0,93.62028053945274,1.5498753491724988,0.08109812873577482,4.748745982638993
