,total,Vaccinated,Declined,Inappropriate/unsuccessful,Unreached,Vaccinated_percent,Declined_percent,Inappropriate/unsuccessful_percent,Unreached_percent
16-<30,663579.0,443296.0,27909.0,1071.0,191303.0,66.8038018080741,4.205829298395519,0.16139751257951218,28.828971380950875
30-<40,920899.0,661920.0,34405.0,1379.0,223195.0,71.87758918187554,3.7360231686645333,0.14974497746224813,24.23664267199769
40-<50,1264417.0,1047697.0,35161.0,1120.0,180439.0,82.86008492451462,2.780807281142218,0.08857837248312705,14.270529421860035
50-<55,918540.0,812441.0,21994.0,609.0,83496.0,88.44916933394299,2.394452065233958,0.06630086876999997,9.090077732053041
55-<60,1105923.0,1002008.0,23436.0,651.0,79828.0,90.60377621226795,2.1191348764787423,0.05886485767996419,7.21822405357335
60-<65,1167292.0,1080576.0,22015.0,546.0,64155.0,92.57118184653027,1.8859891098371273,0.04677492863824284,5.496054114994363
65-<70,271180.0,256116.0,5425.0,140.0,9499.0,94.44501806917914,2.000516262261229,0.05162622612287748,3.5028394424367577
