,total,Vaccinated,Declined,Inappropriate/unsuccessful,Unreached,Vaccinated_percent,Declined_percent,Inappropriate/unsuccessful_percent,Unreached_percent
Unknown,26565.0,22729.0,399.0,14.0,3423.0,85.55994729907773,1.5019762845849802,0.05270092226614054,12.885375494071146
1 (most deprived),536060.0,399357.0,13146.0,357.0,123200.0,74.49856359362758,2.4523374249151213,0.06659702272133927,22.982501958735963
2,594090.0,469623.0,11550.0,308.0,112609.0,79.04913396960056,1.9441498762813716,0.05184399670083906,18.954872157417228
3,631589.0,532966.0,9618.0,357.0,88648.0,84.38494020636838,1.5228257616899599,0.05652410032473654,14.035709931616921
4,647577.0,565880.0,7714.0,371.0,73612.0,87.38420295964804,1.1912096939823373,0.05729048437483186,11.36729686199479
5 (least deprived),679329.0,609413.0,6006.0,483.0,63427.0,89.70807959030161,0.8841077003925932,0.07109957031129,9.336713138994508
