,total,Vaccinated,Declined,Inappropriate/unsuccessful,Unreached,Vaccinated_percent,Declined_percent,Inappropriate/unsuccessful_percent,Unreached_percent
no,1927261.0,1671677.0,62902.0,1925.0,190757.0,86.73848534267024,3.263802878800536,0.09988268324840988,9.897829095280816
yes,63637.0,58030.0,2023.0,42.0,3542.0,91.18908810911891,3.1789682103178967,0.06599934000659857,5.5659443405565945
