,total,Vaccinated,Declined,Inappropriate/unsuccessful,Unreached,Vaccinated_percent,Declined_percent,Inappropriate/unsuccessful_percent,Unreached_percent
no,2479225.0,2289784.0,44597.0,1456.0,143388.0,92.35886214442013,1.7988282628644032,0.05872802992870163,5.783581562786758
yes,24178.0,20804.0,973.0,21.0,2380.0,86.04516502605675,4.024319629415171,0.08685581933988828,9.843659525188187
