,total,Vaccinated,Declined,Inappropriate/unsuccessful,Unreached,Vaccinated_percent,Declined_percent,Inappropriate/unsuccessful_percent,Unreached_percent
Unknown,61768.0,52423.0,1505.0,77.0,7763.0,84.87080689029918,2.4365367180417046,0.12466001813237426,12.567996373526745
1 (most deprived),1613598.0,1251362.0,64274.0,1743.0,296219.0,77.55103811482167,3.983272165681911,0.10801946953330344,18.357670249963125
2,1396080.0,1137941.0,43666.0,1092.0,213381.0,81.50972723626153,3.1277577216205374,0.07821901323707436,15.284296028880867
3,1213674.0,1043938.0,28336.0,1029.0,140371.0,86.0146958738508,2.3347290952924755,0.0847838876007927,11.565791143255932
4,1065792.0,945959.0,19488.0,903.0,99442.0,88.75643652795293,1.828499369482976,0.08472572509457166,9.330338377469525
5 (least deprived),960925.0,872438.0,13076.0,672.0,74739.0,90.79147696230194,1.3607721726461481,0.06993261700965547,7.777818248042251
