,total,Vaccinated,Declined,Contraindicated/unsuccessful,No Records,Vaccinated_percent,Declined_percent,Contraindicated/unsuccessful_percent,No Records_percent
Unknown,19978.0,19180.0,406.0,14.0,378.0,96.00560616678347,2.032235459004905,0.0700770847932688,1.8920812894183603
1 (most deprived),344225.0,317828.0,13160.0,245.0,12992.0,92.33146924250127,3.82308083375699,0.07117437722419595,3.7742755465175395
2,437304.0,411992.0,12530.0,168.0,12614.0,94.2118068894865,2.865283647073889,0.038417210910481,2.884492252529133
3,546735.0,524748.0,10640.0,182.0,11165.0,95.97849049356635,1.9460982011394916,0.03328852186159281,2.042122783432559
4,592662.0,573118.0,9408.0,196.0,9940.0,96.70233623886803,1.5874140741265679,0.0330711265443,1.677178560461106
5 (least deprived),637938.0,620837.0,7553.0,203.0,9345.0,97.31933197269954,1.1839708561020037,0.03182127416769731,1.4648758970307458
