,total,Vaccinated,Declined,Inappropriate/unsuccessful,Unreached,Vaccinated_percent,Declined_percent,Inappropriate/unsuccessful_percent,Unreached_percent
Unknown,23996.0,21245.0,406.0,14.0,2331.0,88.53558926487747,1.691948658109685,0.05834305717620225,9.71411901983664
1 (most deprived),442288.0,347249.0,10745.0,273.0,84021.0,78.51196505444416,2.429412509496075,0.06172448721196133,18.99689794884781
2,514437.0,425425.0,9912.0,315.0,78785.0,82.69720101781171,1.9267665428419807,0.061231987590318226,15.314800451755998
3,581287.0,507045.0,8645.0,315.0,65282.0,87.22799580929902,1.4872171577895257,0.05419009886682602,11.230596934044629
4,606606.0,544096.0,7133.0,329.0,55048.0,89.6951233584897,1.1758868194511758,0.05423619285005543,9.074753629209075
5 (least deprived),635705.0,580741.0,5516.0,399.0,49049.0,91.35385123602929,0.8676980674998623,0.0627649617354109,7.715685734735451
