,total,Vaccinated,Declined,Contraindicated/unsuccessful,No Records,Vaccinated_percent,Declined_percent,Contraindicated/unsuccessful_percent,No Records_percent
no,2561146.0,2451526.0,52927.0,973.0,55720.0,95.71988477033328,2.0665358398154576,0.037990805678390416,2.1755885841728664
yes,17717.0,16212.0,784.0,14.0,707.0,91.50533386013433,4.4251284077439745,0.079020150138291,3.9905175819834056
