,total,Vaccinated,Declined,Inappropriate/unsuccessful,Unreached,Vaccinated_percent,Declined_percent,Inappropriate/unsuccessful_percent,Unreached_percent
White,1573439.0,1484847.0,24045.0,665.0,63882.0,94.36953069041762,1.5281812640973054,0.04226411065188529,4.060023934833191
Mixed,13559.0,10577.0,616.0,21.0,2345.0,78.0072276716572,4.543107898812597,0.15487867836861824,17.29478575116159
South Asian,106036.0,91826.0,2667.0,84.0,11459.0,86.5988909426987,2.515183522577238,0.07921837866386738,10.806707156060206
Black,34482.0,23212.0,2478.0,28.0,8764.0,67.31628095818108,7.1863580998781975,0.08120178643930842,25.416159155501422
Other,23093.0,17101.0,1134.0,35.0,4823.0,74.05274325553198,4.9105789633222185,0.15156107911488448,20.885116702030917
Unknown,752661.0,684096.0,14665.0,665.0,53235.0,90.89032114059317,1.9484203379742009,0.0883531895501477,7.072905331882481
