,total,Vaccinated,Declined,Contraindicated/unsuccessful,No Records,Vaccinated_percent,Declined_percent,Contraindicated/unsuccessful_percent,No Records_percent
Female,3139913.0,2656472.0,86289.0,2695.0,394457.0,84.60336321420371,2.7481334673922495,0.08583040358124094,12.5626729148228
Male,3176292.0,2667875.0,84392.0,2723.0,421302.0,83.9933797018662,2.6569345639506694,0.08572889394299921,13.263956840240128
