,total,Vaccinated,Declined,Inappropriate/unsuccessful,Unreached,Vaccinated_percent,Declined_percent,Inappropriate/unsuccessful_percent,Unreached_percent
White,167839.0,161588.0,2415.0,42.0,3794.0,96.2755974475539,1.4388789256370689,0.025023981315428045,2.260499645493598
Mixed,665.0,588.0,35.0,0.0,42.0,88.42105263157895,5.2631578947368425,0.0,6.315789473684211
South Asian,2597.0,2401.0,63.0,14.0,119.0,92.45283018867924,2.4258760107816713,0.5390835579514714,4.5822102425876015
Black,2268.0,1862.0,196.0,0.0,210.0,82.09876543209876,8.641975308641975,0.0,9.25925925925926
Other,945.0,868.0,21.0,0.0,56.0,91.85185185185185,2.2222222222222223,0.0,5.925925925925926
Unknown,77602.0,74634.0,1218.0,28.0,1722.0,96.17535630524986,1.5695471766191593,0.03608154429009858,2.2190149738408804
