,total,Vaccinated,Declined,Inappropriate/unsuccessful,Unreached,Vaccinated_percent,Declined_percent,Inappropriate/unsuccessful_percent,Unreached_percent
Female,175476.0,169099.0,2646.0,49.0,3682.0,96.36588479336206,1.5078985160363811,0.02792404659327019,2.0982926440082976
Male,76454.0,72863.0,1323.0,21.0,2247.0,95.30305804797656,1.7304522981138986,0.027467496795452462,2.9390221571140818
