,total,Vaccinated,Declined,Inappropriate/unsuccessful,Unreached,Vaccinated_percent,Declined_percent,Inappropriate/unsuccessful_percent,Unreached_percent
no,2497509.0,2305128.0,45409.0,1463.0,145509.0,92.29708481530997,1.818171626208354,0.058578367485367266,5.826165190996309
yes,5901.0,5467.0,161.0,0.0,273.0,92.6453143534994,2.7283511269276395,1.4210854715202004e-14,4.6263345195729535
