,total,Vaccinated,Declined,Inappropriate/unsuccessful,Unreached,Vaccinated_percent,Declined_percent,Inappropriate/unsuccessful_percent,Unreached_percent
75-<80,2023665.0,1939441.0,34244.0,882.0,49098.0,95.83804631695463,1.6921773119562773,0.0435842889015845,2.4261920821875163
80-<85,1408400.0,1352071.0,27048.0,532.0,28749.0,96.00049701789264,1.9204771371769385,0.03777335984095487,2.0412524850894633
85-<120,1357335.0,1295980.0,29176.0,504.0,31675.0,95.4797452360692,2.1495062014904205,0.03713158505453862,2.3336169773858333
65-<70,2516955.0,2324469.0,46018.0,1463.0,145005.0,92.35242584789954,1.8283203315116878,0.058125790886208506,5.761128029702557
70-<75,2783242.0,2640092.0,51107.0,1610.0,90433.0,94.85671745396196,1.8362398957762207,0.057846209564246465,3.249196440697575
