,total,Vaccinated,Declined,Contraindicated/unsuccessful,No Records,Vaccinated_percent,Declined_percent,Contraindicated/unsuccessful_percent,No Records_percent
Unknown,41727.0,35007.0,889.0,49.0,5782.0,83.89531957725214,2.1305150142593523,0.11742996141586559,13.856735447072639
1 (most deprived),1002330.0,750855.0,37282.0,1029.0,213164.0,74.910957469097,3.7195334869753474,0.10266080033521519,21.26684824359243
2,917483.0,734426.0,25928.0,651.0,156478.0,80.04791369431368,2.8259924162082566,0.07095499317154008,17.055138896306527
3,853027.0,725928.0,18522.0,644.0,107933.0,85.1002371554476,2.171326347231682,0.07549585183117813,12.652940645489533
4,781676.0,687778.0,13636.0,658.0,79604.0,87.9876061181359,1.7444567826055808,0.0841780993659853,10.183758999892538
5 (least deprived),728399.0,656824.0,9499.0,490.0,61586.0,90.1736548237985,1.304092949056767,0.06727082272216478,8.454981404422576
