,total,Vaccinated,Declined,Inappropriate/unsuccessful,Unreached,Vaccinated_percent,Declined_percent,Inappropriate/unsuccessful_percent,Unreached_percent
Unknown,69797.0,61299.0,1141.0,35.0,7322.0,87.8246916056564,1.634740748169692,0.05014542172300196,10.490422224450908
1 (most deprived),1293838.0,1005179.0,31990.0,861.0,255808.0,77.68971076749949,2.4724888278130646,0.06654619821027552,19.771254206477163
2,1491154.0,1223250.0,29456.0,812.0,237636.0,82.03378054848795,1.9753828243092262,0.05445446949141797,15.93638215771141
3,1665132.0,1446137.0,25368.0,903.0,192724.0,86.84818981317997,1.5234828229834032,0.05422993492409489,11.574097428912543
4,1735146.0,1550892.0,20776.0,959.0,162519.0,89.38106649238739,1.1973632190028967,0.055269124327281816,9.36630116428243
5 (least deprived),1815919.0,1656249.0,16177.0,1183.0,142310.0,91.20720692938397,0.8908436995262454,0.06514607755080704,7.836803293538974
