,total,Vaccinated,Declined,Inappropriate/unsuccessful,Unreached,Vaccinated_percent,Declined_percent,Inappropriate/unsuccessful_percent,Unreached_percent
Female,2499749.0,2384060.0,46697.0,1218.0,67774.0,95.37197534632477,1.8680675539824199,0.04872489197916252,2.7112322077136546
Male,2255183.0,2144835.0,37569.0,1260.0,71519.0,95.10691593542519,1.6658958496937943,0.05587129736257168,3.1713169175184452
