,total,Vaccinated,Declined,Inappropriate/unsuccessful,Unreached,Vaccinated_percent,Declined_percent,Inappropriate/unsuccessful_percent,Unreached_percent
no,234416.0,225722.0,3304.0,70.0,5320.0,96.29120879120879,1.409460105112279,0.02986144290493087,2.269469660774009
yes,17514.0,16240.0,658.0,14.0,602.0,92.72581934452438,3.7569944044764187,0.07993605115908053,3.4372501998401277
