,total,Vaccinated,Declined,Inappropriate/unsuccessful,Unreached,Vaccinated_percent,Declined_percent,Inappropriate/unsuccessful_percent,Unreached_percent
Unknown,19992.0,19180.0,406.0,14.0,392.0,95.93837535014005,2.030812324929972,0.07002801120449931,1.9607843137254901
1 (most deprived),344260.0,317737.0,13146.0,252.0,13125.0,92.29564863765758,3.81862545750305,0.07320048800326617,3.8125254168361122
2,437388.0,411957.0,12544.0,168.0,12719.0,94.18571154215479,2.8679341911529352,0.03840983291722466,2.9079444337750466
3,546875.0,524783.0,10654.0,175.0,11263.0,95.96032,1.94816,0.031999999999996476,2.05952
4,592795.0,573160.0,9408.0,196.0,10031.0,96.68772509889591,1.5870579205290194,0.033063706677680216,1.6921532738973843
5 (least deprived),638064.0,620900.0,7553.0,196.0,9415.0,97.30998771283132,1.1837370545901351,0.03071792171317611,1.4755573108653677
