,total,Vaccinated,Declined,Inappropriate/unsuccessful,Unreached,Vaccinated_percent,Declined_percent,Inappropriate/unsuccessful_percent,Unreached_percent
no,242823.0,233184.0,3857.0,70.0,5712.0,96.03044192683559,1.5883997809103751,0.02882758223067583,2.35233071002335
yes,9800.0,9492.0,133.0,14.0,161.0,96.85714285714286,1.3571428571428572,0.1428571428571388,1.6428571428571428
