,total,Vaccinated,Declined,Inappropriate/unsuccessful,Unreached,Vaccinated_percent,Declined_percent,Inappropriate/unsuccessful_percent,Unreached_percent
16-<30,162610.0,120918.0,9338.0,308.0,32046.0,74.36074042186827,5.742574257425742,0.18941024537237183,19.70727507533362
30-<40,310240.0,242263.0,13944.0,560.0,53473.0,78.08889891696751,4.494584837545126,0.18050541516245744,17.23601083032491
40-<50,409612.0,350861.0,13608.0,413.0,44730.0,85.65691434821245,3.3221682958507075,0.10082712420535245,10.920090231731493
50-<55,264642.0,235396.0,7882.0,189.0,21175.0,88.94884409882029,2.9783632227688726,0.07141723535946198,8.001375443051367
55-<60,288547.0,261366.0,7903.0,210.0,19068.0,90.5800441522525,2.738895223308508,0.07277843817470853,6.608282186264283
60-<65,284046.0,262745.0,6804.0,168.0,14329.0,92.50086253634974,2.3953866627236433,0.059145349696891,5.044605451229731
65-<70,271180.0,256116.0,5425.0,140.0,9499.0,94.44501806917914,2.000516262261229,0.05162622612287748,3.5028394424367577
