,total,Vaccinated,Declined,Inappropriate/unsuccessful,Unreached,Vaccinated_percent,Declined_percent,Inappropriate/unsuccessful_percent,Unreached_percent
no,6064674.0,5113087.0,160937.0,5166.0,785484.0,84.30934622372118,2.6536793239010046,0.08518182510717054,12.951792627270649
yes,251538.0,211267.0,9744.0,252.0,30275.0,83.99009294818278,3.873768575722157,0.10018367006178153,12.035954806033283
