,total,Vaccinated,Declined,Inappropriate/unsuccessful,Unreached,Vaccinated_percent,Declined_percent,Inappropriate/unsuccessful_percent,Unreached_percent
White,1291297.0,1186269.0,17087.0,560.0,87381.0,91.86647223682856,1.3232432198014865,0.04336725013688181,6.7669172932330826
Mixed,15344.0,11200.0,490.0,21.0,3633.0,72.99270072992701,3.1934306569343067,0.13686131386860723,23.677007299270073
South Asian,70777.0,57519.0,1344.0,42.0,11872.0,81.26792602116507,1.8989219661754524,0.05934131144299215,16.773810701216497
Black,44121.0,27454.0,1960.0,42.0,14665.0,62.22433761700778,4.442329049658893,0.09519276534982168,33.2381405679835
Other,23947.0,16513.0,742.0,21.0,6671.0,68.95644548377668,3.098509207833967,0.08769365682547914,27.85735165156387
Unknown,707112.0,611317.0,11774.0,616.0,83405.0,86.45264116575592,1.6650827591668647,0.0871149124891133,11.795161162588105
