,total,Vaccinated,Declined,Inappropriate/unsuccessful,Unreached,Vaccinated_percent,Declined_percent,Inappropriate/unsuccessful_percent,Unreached_percent
White,3551464.0,3085796.0,85400.0,2982.0,377286.0,86.88799886469354,2.404642141944843,0.08396537315314845,10.623393620208455
Mixed,89873.0,61726.0,4746.0,133.0,23268.0,68.68136147675052,5.280785107874445,0.14798660331801727,25.889866812057015
South Asian,571837.0,456092.0,14686.0,497.0,100562.0,79.75909218885802,2.5682143687799144,0.08691287901970668,17.58578056334235
Black,260470.0,163387.0,17374.0,308.0,79401.0,62.7277613544746,6.67024993281376,0.11824778285406978,30.483740929857564
Other,90265.0,64078.0,3514.0,140.0,22533.0,70.98875533152385,3.892981775882125,0.15509887553315593,24.963164017060876
Unknown,1747928.0,1472982.0,44625.0,1449.0,228872.0,84.27017588825169,2.553022778970301,0.08289815141127121,13.093903181366738
