,total,Vaccinated,Declined,Inappropriate/unsuccessful,Unreached,Vaccinated_percent,Declined_percent,Inappropriate/unsuccessful_percent,Unreached_percent
80-<85,1363397.0,1308748.0,26397.0,525.0,27727.0,95.99170307694678,1.9361198535716302,0.038506759219799847,2.033670310261795
85-<120,1215473.0,1158990.0,27314.0,462.0,28707.0,95.35300249367941,2.247191011235955,0.03800989409062083,2.3617966009940163
