,total,Vaccinated,Declined,Inappropriate/unsuccessful,Unreached,Vaccinated_percent,Declined_percent,Inappropriate/unsuccessful_percent,Unreached_percent
no,4133164.0,3421754.0,97706.0,3318.0,610386.0,82.78776259543537,2.363951684472235,0.08027748233556053,14.768008237756836
yes,187789.0,152614.0,7721.0,217.0,27237.0,81.26887091363179,4.111529429306296,0.115555224214404,14.504044432847504
