,total,Vaccinated,Declined,Inappropriate/unsuccessful,Unreached,Vaccinated_percent,Declined_percent,Inappropriate/unsuccessful_percent,Unreached_percent
Female,1410374.0,1255002.0,19649.0,539.0,135184.0,88.98363129212535,1.3931765616779663,0.03821681341261751,9.58497533278407
Male,1394603.0,1167782.0,22309.0,1085.0,203427.0,83.73580151483971,1.599666715187046,0.07779991868653724,14.58673185128671
