,total,Vaccinated,Declined,Inappropriate/unsuccessful,Unreached,Vaccinated_percent,Declined_percent,Inappropriate/unsuccessful_percent,Unreached_percent
Female,1277297.0,1186731.0,23702.0,651.0,66213.0,92.90955823117098,1.8556373341517283,0.050967002975824016,5.183837431701476
Male,1226001.0,1124956.0,21931.0,819.0,78295.0,91.7581633293937,1.788823989539976,0.06680255562596926,6.386210125440354
