,total,Vaccinated,Declined,Inappropriate/unsuccessful,Unreached,Vaccinated_percent,Declined_percent,Inappropriate/unsuccessful_percent,Unreached_percent
no,9989966.0,9462292.0,183589.0,4907.0,339178.0,94.71796000106507,1.8377339822778176,0.04911928629186946,3.3951867303652485
yes,99638.0,89782.0,4025.0,63.0,5768.0,90.1081916537867,4.0396234368413655,0.06322888857664566,5.788956020795279
