,total,Vaccinated,Declined,Inappropriate/unsuccessful,Unreached,Vaccinated_percent,Declined_percent,Inappropriate/unsuccessful_percent,Unreached_percent
Unknown,1519.0,1470.0,14.0,0.0,35.0,96.7741935483871,0.9216589861751152,-1.4210854715202004e-14,2.304147465437788
1 (most deprived),48055.0,45724.0,910.0,21.0,1400.0,95.14930808448652,1.8936635105608157,0.0436999271667986,2.9133284777858703
2,50701.0,48356.0,945.0,21.0,1379.0,95.37484467761978,1.8638685627502416,0.04141930139444128,2.7198674582355378
3,52297.0,50316.0,805.0,14.0,1162.0,96.21201980993173,1.539285236246821,0.026770178021678248,2.221924775799759
4,52059.0,50253.0,693.0,28.0,1085.0,96.53085921742638,1.3311819281968535,0.053785128411988126,2.084173725964771
5 (least deprived),47285.0,45815.0,588.0,14.0,868.0,96.89119170984456,1.2435233160621761,0.02960769800147034,1.8356772760917839
