,total,Vaccinated,Declined,Inappropriate/unsuccessful,Unreached,Vaccinated_percent,Declined_percent,Inappropriate/unsuccessful_percent,Unreached_percent
16-<30,500969.0,322371.0,18571.0,770.0,159257.0,64.3494906870485,3.707015803373063,0.15370212528119964,31.78979138429723
30-<40,610652.0,419657.0,20454.0,812.0,169729.0,68.72277500114632,3.34953459580907,0.13297262598008786,27.794717777064516
40-<50,854805.0,696829.0,21546.0,714.0,135716.0,81.51905990255088,2.52057486795234,0.08352782213486876,15.876837407361913
50-<55,653891.0,577031.0,14105.0,434.0,62321.0,88.245747379915,2.157087343303395,0.06637191825549849,9.530793358526115
55-<60,817376.0,740628.0,15526.0,455.0,60767.0,90.61044121677172,1.8994930117840505,0.0556659358728524,7.43439983557139
60-<65,883239.0,817817.0,15204.0,385.0,49833.0,92.59294483146691,1.7213913787774318,0.043589560696489116,5.642074229059179
