,total,Vaccinated,Declined,Contraindicated/unsuccessful,No Records,Vaccinated_percent,Declined_percent,Contraindicated/unsuccessful_percent,No Records_percent
Female,1118803.0,965146.0,38052.0,1176.0,114429.0,86.26594673056829,3.4011349629916974,0.10511233881211979,10.227805967627903
Male,872739.0,768362.0,26845.0,735.0,76797.0,88.04029612518748,3.0759482502787203,0.08421761832576635,8.799538006208042
