,total,Vaccinated,Declined,Inappropriate/unsuccessful,Unreached,Vaccinated_percent,Declined_percent,Inappropriate/unsuccessful_percent,Unreached_percent
no,2561678.0,2451554.0,52955.0,973.0,56196.0,95.7010990452352,2.0671997026948743,0.03798291588559266,2.1937183361843293
yes,17710.0,16184.0,784.0,28.0,714.0,91.38339920948617,4.426877470355731,0.1581027667984074,4.031620553359684
