,total,Vaccinated,Declined,Contraindicated/unsuccessful,No Records,Vaccinated_percent,Declined_percent,Contraindicated/unsuccessful_percent,No Records_percent
Female,2499679.0,2384613.0,46669.0,1211.0,67186.0,95.39676894513255,1.8669997227644028,0.0484462204947107,2.6877851116083304
Male,2255099.0,2145318.0,37576.0,1267.0,70938.0,95.13187669366178,1.6662683101717486,0.056183786166386085,3.145671210000093
