,total,Vaccinated,Declined,Inappropriate/unsuccessful,Unreached,Vaccinated_percent,Declined_percent,Inappropriate/unsuccessful_percent,Unreached_percent
no,4714766.0,4492474.0,82670.0,2450.0,137172.0,95.28519549008371,1.7534274235455163,0.05196440289931559,2.9094126834714595
yes,40166.0,36421.0,1589.0,28.0,2128.0,90.67619379574765,3.956082258626699,0.06971070059253748,5.298013245033113
