,total,Vaccinated,Declined,Inappropriate/unsuccessful,Unreached,Vaccinated_percent,Declined_percent,Inappropriate/unsuccessful_percent,Unreached_percent
75-<80,30212.0,28882.0,539.0,7.0,784.0,95.59777571825765,1.784059314179796,0.023169601482848634,2.5949953660797034
80-<85,44856.0,43155.0,651.0,14.0,1036.0,96.20786516853933,1.451310861423221,0.031210986267154794,2.309612983770287
85-<120,141463.0,136591.0,1834.0,49.0,2989.0,96.55598990548765,1.2964520758078084,0.03463803255975506,2.112919986144787
65-<70,13622.0,12740.0,378.0,0.0,504.0,93.5251798561151,2.774922918807811,0.0,3.6998972250770814
70-<75,21756.0,20573.0,560.0,7.0,616.0,94.56241956241956,2.574002574002574,0.032175032175032925,2.831402831402831
