,total,Vaccinated,Declined,Inappropriate/unsuccessful,Unreached,Vaccinated_percent,Declined_percent,Inappropriate/unsuccessful_percent,Unreached_percent
Female,4058264.0,3604398.0,58457.0,1645.0,393764.0,88.81625246657191,1.4404434999793014,0.04053457340380362,9.702769460044985
Male,4012750.0,3338629.0,66465.0,3094.0,604562.0,83.20052333187964,1.6563453990405583,0.07710423026601632,15.06602703881378
