,total,Vaccinated,Declined,Inappropriate/unsuccessful,Unreached,Vaccinated_percent,Declined_percent,Inappropriate/unsuccessful_percent,Unreached_percent
White,995848.0,903007.0,26978.0,868.0,64995.0,90.67719169993815,2.709047967159647,0.0871618961929812,6.526598436709216
Mixed,36869.0,27370.0,2310.0,63.0,7126.0,74.23580786026201,6.2654262388456425,0.17087526105940753,19.327890639832923
South Asian,254107.0,211925.0,7658.0,287.0,34237.0,83.39990633866836,3.0136910828902783,0.11294454698217749,13.473458031459188
Black,140483.0,96432.0,10199.0,217.0,33635.0,68.64318102546216,7.259953161592506,0.1544670885445214,23.942398724400817
Other,35665.0,26789.0,1701.0,63.0,7112.0,75.11285574092247,4.769381746810598,0.17664376840039608,19.941118743866536
Unknown,527912.0,464149.0,16058.0,497.0,47208.0,87.92166118595523,3.0417948445953114,0.09414447862522479,8.942399490824227
