,total,Vaccinated,Declined,Contraindicated/unsuccessful,No Records,Vaccinated_percent,Declined_percent,Contraindicated/unsuccessful_percent,No Records_percent
no,6255893.0,5301464.0,167097.0,5138.0,782194.0,84.74352102889227,2.671033535899671,0.08213056073689984,12.503314874471158
yes,60319.0,22890.0,3584.0,280.0,33565.0,37.94824184751074,5.941743066032262,0.46419867703376383,55.64581640942323
