,total,Vaccinated,Declined,Inappropriate/unsuccessful,Unreached,Vaccinated_percent,Declined_percent,Inappropriate/unsuccessful_percent,Unreached_percent
White,1541456.0,1497517.0,22869.0,378.0,20692.0,97.1495131875318,1.4835973261643538,0.024522269853946455,1.3423672164499019
Mixed,8722.0,6965.0,854.0,14.0,889.0,79.85553772070627,9.791332263242376,0.1605136436596979,10.192616372391653
South Asian,67410.0,58527.0,3759.0,77.0,5047.0,86.82242990654206,5.576323987538941,0.11422637590861484,7.487019730010384
Black,35133.0,25333.0,5390.0,56.0,4354.0,72.10599721059972,15.341701534170154,0.15939430165370538,12.392906953576409
Other,11137.0,8946.0,931.0,35.0,1225.0,80.32683846637335,8.359522313010686,0.314267756128217,10.999371464487744
Unknown,915509.0,870429.0,19901.0,469.0,24710.0,95.07596320735242,2.1737634474374365,0.05122833309120267,2.6990450121189413
