,total,Vaccinated,Declined,Inappropriate/unsuccessful,Unreached,Vaccinated_percent,Declined_percent,Inappropriate/unsuccessful_percent,Unreached_percent
Female,2019213.0,1682485.0,48069.0,1533.0,287126.0,83.32379991610593,2.3805809491123524,0.07592066810187248,14.21969846667984
Male,2301733.0,1891883.0,57358.0,2002.0,350490.0,82.19385132854245,2.4919484579662368,0.08697794227219902,15.227222271219121
