,total,Vaccinated,Declined,Inappropriate/unsuccessful,Unreached,Vaccinated_percent,Declined_percent,Inappropriate/unsuccessful_percent,Unreached_percent
Female,1118467.0,962731.0,38094.0,1225.0,116417.0,86.07594144485265,3.4059118418335097,0.10952491222359129,10.408621801090243
Male,872424.0,766969.0,26838.0,742.0,77875.0,87.9124141472495,3.0762564991334487,0.0850503883432765,8.926278965273767
