,total,Vaccinated,Declined,Inappropriate/unsuccessful,Unreached,Vaccinated_percent,Declined_percent,Inappropriate/unsuccessful_percent,Unreached_percent
Female,5445440.0,5167911.0,107359.0,2401.0,167769.0,94.90346051007816,1.9715394899218428,0.044091937474291854,3.0809080625257095
Male,4644171.0,4384163.0,80262.0,2562.0,177184.0,94.40141200657771,1.7282309372329314,0.05516592735278891,3.8151911288365565
