,total,Vaccinated,Declined,Inappropriate/unsuccessful,Unreached,Vaccinated_percent,Declined_percent,Inappropriate/unsuccessful_percent,Unreached_percent
no,6251525.0,5281913.0,166789.0,5215.0,797608.0,84.4899924418442,2.6679730145844416,0.08341964560645465,12.758614897964897
yes,60333.0,22162.0,3584.0,280.0,34307.0,36.73279962872723,5.940364311405036,0.46409096182853204,56.86274509803921
