,total,Vaccinated,Declined,Inappropriate/unsuccessful,Unreached,Vaccinated_percent,Declined_percent,Inappropriate/unsuccessful_percent,Unreached_percent
White,1636418.0,1470077.0,21210.0,616.0,144515.0,89.83505436874931,1.296123606560182,0.037643193853881485,8.83117883083662
Mixed,25725.0,18165.0,721.0,28.0,6811.0,70.61224489795919,2.802721088435374,0.10884353741495545,26.476190476190474
South Asian,97741.0,77910.0,1477.0,56.0,18298.0,79.71066389744324,1.5111365752345485,0.057294277734015964,18.7209052495882
Black,75495.0,45528.0,2905.0,63.0,26999.0,60.305980528511824,3.847936949466852,0.08344923504867552,35.762633286972644
Other,35518.0,24241.0,791.0,35.0,10451.0,68.24990145841545,2.2270398108001577,0.0985415845486699,29.42451714623571
Unknown,934045.0,786835.0,14833.0,847.0,131530.0,84.2395173680069,1.5880391201708697,0.0906808558474097,14.081762655974819
