,total,Vaccinated,Declined,Inappropriate/unsuccessful,Unreached,Vaccinated_percent,Declined_percent,Inappropriate/unsuccessful_percent,Unreached_percent
no,1965292.0,1718031.0,62902.0,1799.0,182560.0,87.41861260311445,3.2006439755517246,0.09153856017323392,9.28920486116058
yes,25606.0,11676.0,2030.0,161.0,11739.0,45.598687807545105,7.927829414980864,0.6287588846364258,45.844723892837614
