,total,Vaccinated,Declined,Inappropriate/unsuccessful,Unreached,Vaccinated_percent,Declined_percent,Inappropriate/unsuccessful_percent,Unreached_percent
Female,1492883.0,1427034.0,34335.0,518.0,30996.0,95.58913859960894,2.299912317308188,0.034697963604656934,2.0762511194782176
Male,1086512.0,1040704.0,19404.0,476.0,25928.0,95.78393980002062,1.785898360993712,0.043809916503448676,2.3863519224822185
