,total,Vaccinated,Declined,Inappropriate/unsuccessful,Unreached,Vaccinated_percent,Declined_percent,Inappropriate/unsuccessful_percent,Unreached_percent
no,1929088.0,1678922.0,61719.0,1904.0,186543.0,87.03190315838366,3.199387482582443,0.09869948908499282,9.670009869948908
yes,61810.0,50778.0,3213.0,56.0,7763.0,82.15175537938845,5.198187995469989,0.09060022650055544,12.559456398640997
