,total,Vaccinated,Declined,Inappropriate/unsuccessful,Unreached,Vaccinated_percent,Declined_percent,Inappropriate/unsuccessful_percent,Unreached_percent
no,10065510.0,9526272.0,187040.0,4984.0,347214.0,94.64271557029898,1.8582267565180504,0.04951562315272895,3.4495420500302516
yes,24192.0,22946.0,532.0,7.0,707.0,94.84953703703704,2.199074074074074,0.028935185185176238,2.9224537037037037
