,total,Vaccinated,Declined,Inappropriate/unsuccessful,Unreached,Vaccinated_percent,Declined_percent,Inappropriate/unsuccessful_percent,Unreached_percent
Female,1116549.0,1012592.0,16450.0,490.0,87017.0,90.68943682722389,1.4732895734983418,0.04388522133824324,7.793388377939526
Male,1036077.0,897701.0,16975.0,791.0,120610.0,86.64423590138571,1.6383917411543736,0.07634567701047956,11.641026680449427
