,total,Vaccinated,Declined,Inappropriate/unsuccessful,Unreached,Vaccinated_percent,Declined_percent,Inappropriate/unsuccessful_percent,Unreached_percent
Unknown,38955.0,37023.0,763.0,28.0,1141.0,95.04043126684635,1.958670260557053,0.07187780772686381,2.9290206648697215
1 (most deprived),652225.0,601447.0,19320.0,553.0,30905.0,92.21464985242822,2.962167963509525,0.0847866917091551,4.738395492353099
2,814338.0,763252.0,19369.0,427.0,31290.0,93.72668351470766,2.378496398301442,0.05243522959753477,3.8423848573933674
3,1011101.0,965146.0,17444.0,469.0,28042.0,95.45495454954549,1.7252480217109862,0.04638507923542079,2.7734123495081104
4,1095241.0,1054270.0,15134.0,476.0,25361.0,96.25917948652398,1.3817963352358065,0.04346075429972984,2.3155634239404845
5 (least deprived),1143058.0,1107729.0,12208.0,560.0,22561.0,96.90925569831103,1.0680122968388306,0.0489913897632448,1.9737406150868986
