,total,Vaccinated,Declined,Contraindicated/unsuccessful,No Records,Vaccinated_percent,Declined_percent,Contraindicated/unsuccessful_percent,No Records_percent
no,3982433.0,3356136.0,88347.0,3003.0,534947.0,84.27350817954753,2.2184177360924844,0.07540616502524244,13.432667919334738
yes,342223.0,234696.0,17430.0,504.0,89593.0,68.57984413671787,5.093170242794903,0.14727239256275482,26.17971322792448
