,total,Vaccinated,Declined,Inappropriate/unsuccessful,Unreached,Vaccinated_percent,Declined_percent,Inappropriate/unsuccessful_percent,Unreached_percent
White,4687977.0,4193651.0,63168.0,1890.0,429268.0,89.45545167990372,1.347446883805104,0.04031589745427766,9.156785538836901
Mixed,75495.0,53116.0,2128.0,63.0,20188.0,70.35697728326379,2.8187297171998145,0.08344923504868973,26.740843764487714
South Asian,327901.0,259126.0,5082.0,147.0,63546.0,79.0256815319258,1.5498580364195291,0.04483060435924813,19.379629827295435
Black,216132.0,129605.0,7959.0,154.0,78414.0,59.965669128125406,3.682471822774971,0.07125275294727373,36.28060629615235
Other,109711.0,74158.0,2555.0,105.0,32893.0,67.59395138135648,2.3288457857461875,0.09570599119504664,29.981496841702292
Unknown,2655611.0,2223403.0,42931.0,2429.0,386848.0,83.7247247431947,1.6166147828126936,0.09146670954443437,14.56719376444818
