,total,Vaccinated,Declined,Inappropriate/unsuccessful,Unreached,Vaccinated_percent,Declined_percent,Inappropriate/unsuccessful_percent,Unreached_percent
White,6383748.0,6138804.0,92624.0,2226.0,150094.0,96.16300643446452,1.4509344667114052,0.03486979749200714,2.35118930133207
Mixed,40173.0,32046.0,2597.0,70.0,5460.0,79.76999477260847,6.464540860777139,0.17424638438752993,13.591217982226869
South Asian,310156.0,270200.0,11606.0,294.0,28056.0,87.1174505732599,3.7419879028617857,0.09479100839578791,9.04577051548253
Black,119609.0,84091.0,13342.0,168.0,22008.0,70.30491016562299,11.154678995727746,0.14045765786855213,18.39995318078071
Other,62552.0,48391.0,3927.0,126.0,10108.0,77.36123545210386,6.27797672336616,0.2014324082363288,16.159355416293643
Unknown,3173443.0,2975658.0,63441.0,2149.0,132195.0,93.76749479981207,1.9991220891630952,0.06771824797230863,4.165664863052527
