,total,Vaccinated,Declined,Inappropriate/unsuccessful,Unreached,Vaccinated_percent,Declined_percent,Inappropriate/unsuccessful_percent,Unreached_percent
Unknown,19201.0,17185.0,322.0,21.0,1673.0,89.5005468465184,1.6769959897921982,0.10936930368210085,8.713087860007292
1 (most deprived),315742.0,256732.0,7924.0,252.0,50834.0,81.31069037378619,2.509643949807121,0.07981199840375552,16.099853678002926
2,382823.0,326578.0,7826.0,210.0,48209.0,85.30783155662016,2.044286785276747,0.054855638245342675,12.59302601985774
3,452529.0,404782.0,7014.0,238.0,40495.0,89.44885300168608,1.5499559144275836,0.052593314461617524,8.948597769424723
4,481229.0,439908.0,5789.0,273.0,35259.0,91.41344349571618,1.2029615837782013,0.056729748207189346,7.326865172298428
5 (least deprived),501088.0,465094.0,4522.0,308.0,31164.0,92.81683057666518,0.9024362986142155,0.06146624944121015,6.219266875279392
