,total,Vaccinated,Declined,Inappropriate/unsuccessful,Unreached,Vaccinated_percent,Declined_percent,Inappropriate/unsuccessful_percent,Unreached_percent
no,9990113.0,9459541.0,183540.0,4949.0,342083.0,94.68902904301483,1.8372164559099582,0.04953897918872485,3.4242155218864894
yes,99582.0,89663.0,4018.0,70.0,5831.0,90.03936454379306,4.034865738788135,0.07029382820186925,5.855475889216927
