,total,Vaccinated,Declined,Inappropriate/unsuccessful,Unreached,Vaccinated_percent,Declined_percent,Inappropriate/unsuccessful_percent,Unreached_percent
White,1760255.0,1537298.0,24857.0,721.0,197379.0,87.3338237925755,1.4121249478058577,0.04095997454913913,11.213091285069492
Mixed,34419.0,23744.0,896.0,28.0,9751.0,68.98515354891194,2.603213341468375,0.08135041692088407,28.330282692698802
South Asian,159362.0,123676.0,2247.0,70.0,33369.0,77.60695774400422,1.4099973644909074,0.0439251515417709,20.939119739963104
Black,96502.0,56616.0,3080.0,56.0,36750.0,58.66821413027709,3.1916436965036996,0.05802988539097953,38.08211228782823
Other,50232.0,33390.0,1022.0,49.0,15771.0,66.47157190635451,2.0345596432552955,0.09754738015608666,31.396321070234112
Unknown,1014433.0,825230.0,16310.0,987.0,171906.0,81.34889144970639,1.6077946991077774,0.09729573071854247,16.946018120467297
