,total,Vaccinated,Declined,Inappropriate/unsuccessful,Unreached,Vaccinated_percent,Declined_percent,Inappropriate/unsuccessful_percent,Unreached_percent
White,3101077.0,2995454.0,43323.0,1155.0,61145.0,96.59398976549114,1.397030773502238,0.037245124838889865,1.9717343361677249
Mixed,17213.0,13916.0,1071.0,42.0,2184.0,80.84587230581538,6.222041480276535,0.24400162667751601,12.688084587230582
South Asian,134092.0,117586.0,5082.0,147.0,11277.0,87.69054082271873,3.789935268323241,0.10962622676967726,8.409897682188348
Black,47712.0,33726.0,5257.0,91.0,8638.0,70.68661971830986,11.01819248826291,0.1907276995305267,18.104460093896712
Other,27356.0,21483.0,1827.0,77.0,3969.0,78.53121801432958,6.678607983623337,0.2814738996929407,14.508700102354146
Unknown,1427468.0,1346702.0,27678.0,1001.0,52087.0,94.34200976834506,1.9389576508895472,0.07012416390419673,3.6489084168611834
