,total,Vaccinated,Declined,Inappropriate/unsuccessful,Unreached,Vaccinated_percent,Declined_percent,Inappropriate/unsuccessful_percent,Unreached_percent
Unknown,38969.0,37058.0,756.0,35.0,1120.0,95.09610202981857,1.9400035925992456,0.08981498113887199,2.8740793964433267
1 (most deprived),652176.0,601727.0,19327.0,546.0,30576.0,92.26451142023012,2.9634638502490125,0.0837197320968528,4.688304997424008
2,814310.0,763497.0,19362.0,427.0,31024.0,93.75999312301212,2.3777185592710395,0.05243703257971788,3.80985128513711
3,1011045.0,965307.0,17437.0,483.0,27818.0,95.476165749299,1.7246512271956242,0.04777235434623606,2.7514106691591373
4,1095192.0,1054417.0,15134.0,476.0,25165.0,96.27690852380222,1.3818581582042235,0.04346269877792963,2.297770619215626
5 (least deprived),1143065.0,1107890.0,12208.0,553.0,22414.0,96.92274717535749,1.0680057564530452,0.048378701123724,1.9608683670657399
