,total,Vaccinated,Declined,Inappropriate/unsuccessful,Unreached,Vaccinated_percent,Declined_percent,Inappropriate/unsuccessful_percent,Unreached_percent
Unknown,22134.0,20545.0,427.0,14.0,1148.0,92.82099936748894,1.929158760278305,0.06325110689436997,5.186590765338393
1 (most deprived),373597.0,327110.0,10654.0,245.0,35588.0,87.55691293024302,2.851735961477207,0.06557868505367992,9.525772423226096
2,447853.0,403067.0,10528.0,252.0,34006.0,89.99984369871365,2.3507713468481843,0.056268463089438114,7.593116491348724
3,531818.0,492982.0,9513.0,294.0,29029.0,92.69750177692369,1.788769842314476,0.05528207018190301,5.4584463105799355
4,557956.0,525063.0,8050.0,343.0,24500.0,94.1047322727957,1.4427660962513174,0.06147438149244522,4.391027249460531
5 (least deprived),570024.0,541807.0,6363.0,357.0,21497.0,95.04985754985755,1.1162687886825817,0.06262894193929469,3.7712447195205816
