,total,Vaccinated,Declined,Contraindicated/unsuccessful,No Records,Vaccinated_percent,Declined_percent,Contraindicated/unsuccessful_percent,No Records_percent
16-<30,664272.0,445431.0,28014.0,1071.0,189756.0,67.0555134041477,4.2172483560950935,0.1612291350531052,28.566009104704097
30-<40,921655.0,668780.0,34496.0,1365.0,217014.0,72.56294383473208,3.742832187749212,0.14810314054608398,23.54612083697262
40-<50,1265278.0,1053220.0,35203.0,1106.0,175749.0,83.24020491939321,2.78223441804884,0.08741162021310345,13.890149042344845
50-<55,919177.0,814443.0,22043.0,602.0,82089.0,88.60567659982789,2.3981235387743602,0.06549337070009642,8.930706490697657
55-<60,1106588.0,1003954.0,23471.0,630.0,78533.0,90.72518407935021,2.121024265580324,0.056931757799645766,7.096859897269806
60-<65,1167922.0,1082123.0,22015.0,553.0,63231.0,92.65370461383552,1.8849717703750763,0.047349052419590976,5.413974563369814
65-<70,271299.0,256375.0,5411.0,126.0,9387.0,94.49905823464148,1.9944784168021261,0.04644322315969873,3.4600201253967025
