,total,Vaccinated,Declined,Inappropriate/unsuccessful,Unreached,Vaccinated_percent,Declined_percent,Inappropriate/unsuccessful_percent,Unreached_percent
Unknown,22148.0,20566.0,434.0,14.0,1134.0,92.85714285714286,1.9595448798988622,0.06321112515803406,5.120101137800253
1 (most deprived),373569.0,327404.0,10682.0,238.0,35245.0,87.64217587647798,2.8594449753593043,0.06370978319934295,9.434669364963367
2,447797.0,403284.0,10535.0,252.0,33726.0,90.05955823732629,2.3526285348048335,0.056275499835862774,7.531537728033015
3,531783.0,493185.0,9520.0,301.0,28777.0,92.74177625083915,1.7902038989587858,0.05660203504062622,5.411417815161448
4,557963.0,525287.0,8064.0,343.0,24269.0,94.14369770038515,1.4452571227841273,0.06147361025730902,4.3495715665734105
5 (least deprived),570010.0,541940.0,6377.0,350.0,21343.0,95.07552499078963,1.1187523025911825,0.06140243153629399,3.7443202750828934
