,total,Vaccinated,Declined,Inappropriate/unsuccessful,Unreached,Vaccinated_percent,Declined_percent,Inappropriate/unsuccessful_percent,Unreached_percent
Unknown,26579.0,22813.0,399.0,14.0,3353.0,85.83091914669475,1.5011851461680275,0.05267316302344227,12.615222544113774
1 (most deprived),535913.0,400792.0,13272.0,371.0,121478.0,74.78676576235321,2.476521375671051,0.06922765448869939,22.667485207487037
2,593992.0,470897.0,11662.0,308.0,111125.0,79.27665692467238,1.963326105402093,0.05185255020271029,18.708164419722824
3,631435.0,533960.0,9681.0,350.0,87444.0,84.56293997006817,1.5331744360068733,0.05542929992795109,13.848456293997007
4,647444.0,566643.0,7812.0,371.0,72618.0,87.52000172987934,1.2065908402888899,0.05730225316783333,11.216105176663927
5 (least deprived),679245.0,610176.0,6111.0,483.0,62475.0,89.83150409646004,0.8996753748647395,0.07110836296182299,9.197712165713403
