,total,Vaccinated,Declined,Contraindicated/unsuccessful,No Records,Vaccinated_percent,Declined_percent,Contraindicated/unsuccessful_percent,No Records_percent
Female,1116269.0,1013355.0,16478.0,483.0,85953.0,90.7805376661002,1.4761674829275022,0.04326914032368734,7.700025710648598
Male,1035762.0,898506.0,17073.0,784.0,119399.0,86.74830704351,1.6483516483516483,0.07569306462295344,11.527648243515403
