,total,Vaccinated,Declined,Inappropriate/unsuccessful,Unreached,Vaccinated_percent,Declined_percent,Inappropriate/unsuccessful_percent,Unreached_percent
no,5908014.0,5019728.0,149786.0,4935.0,733565.0,84.96472757173561,2.535302049047277,0.08353060774737742,12.416439771469737
yes,403830.0,284354.0,20580.0,560.0,98336.0,70.41428323799619,5.096203848153926,0.13867221355521053,24.35084070029468
