,total,Vaccinated,Declined,Contraindicated/unsuccessful,No Records,Vaccinated_percent,Declined_percent,Contraindicated/unsuccessful_percent,No Records_percent
no,4136762.0,3437686.0,98056.0,3283.0,597737.0,83.10088905283891,2.370356331836349,0.0793615876378766,14.449393027686872
yes,187894.0,153146.0,7714.0,224.0,26810.0,81.50659414350645,4.105506296103122,0.11921615378884098,14.268683406601594
