,total,Vaccinated,Declined,Inappropriate/unsuccessful,Unreached,Vaccinated_percent,Declined_percent,Inappropriate/unsuccessful_percent,Unreached_percent
16-<30,501585.0,324128.0,18669.0,763.0,158025.0,64.62075221547694,3.7220012560184217,0.15211778661642938,31.505128741888214
30-<40,611338.0,425467.0,20559.0,812.0,164500.0,69.59603361806398,3.3629514278516957,0.13282341356172367,26.90819154052259
40-<50,855589.0,701379.0,21616.0,700.0,131894.0,81.9761591137801,2.526446693447438,0.08181498359608952,15.415579209176368
50-<55,654437.0,578613.0,14147.0,420.0,61257.0,88.41385801841888,2.161705404798323,0.0641773004888222,9.360259276293975
55-<60,817943.0,742196.0,15561.0,434.0,59752.0,90.73933024672868,1.9024553055653022,0.05305993204905235,7.305154515656959
60-<65,883743.0,819035.0,15204.0,378.0,49126.0,92.67796180563806,1.7204096666112207,0.04277261602072713,5.558855911729994
