,total,Vaccinated,Declined,Inappropriate/unsuccessful,Unreached,Vaccinated_percent,Declined_percent,Inappropriate/unsuccessful_percent,Unreached_percent
75-<80,30289.0,28959.0,539.0,14.0,777.0,95.60896695169863,1.7795239195747632,0.04622140050844337,2.565287728218165
80-<85,44996.0,43309.0,651.0,21.0,1015.0,96.25077784691973,1.446795270690728,0.04667081518356042,2.255756067205974
85-<120,141862.0,136990.0,1848.0,56.0,2968.0,96.56567650251652,1.3026744300799369,0.039474982729700514,2.092174084673838
65-<70,13643.0,12768.0,378.0,0.0,497.0,93.5864545920985,2.770651616213443,1.4210854715202004e-14,3.6428937916880453
70-<75,21812.0,20629.0,560.0,21.0,602.0,94.57637997432606,2.5673940949935816,0.09627727856225476,2.7599486521181
