,total,Vaccinated,Declined,Inappropriate/unsuccessful,Unreached,Vaccinated_percent,Declined_percent,Inappropriate/unsuccessful_percent,Unreached_percent
Unknown,82607.0,78225.0,1617.0,56.0,2709.0,94.69536479959325,1.9574612320989746,0.0677908651809247,3.2793831031268534
1 (most deprived),1418151.0,1292046.0,44051.0,1036.0,81018.0,91.10778753461373,3.1062277571288246,0.07305286954633061,5.7129318387111105
2,1750294.0,1626660.0,43407.0,833.0,79394.0,92.93638668703657,2.4799833627950503,0.0475920045432332,4.536037945625135
3,2142098.0,2033241.0,38437.0,938.0,69482.0,94.91820635657191,1.7943623494349932,0.0437888462619469,3.2436424477311494
4,2298072.0,2202760.0,33306.0,1029.0,60977.0,95.85252333260229,1.4493018495504058,0.044776664960878065,2.6533981528864197
5 (least deprived),2398459.0,2316272.0,26726.0,1106.0,54355.0,96.57334146633318,1.1142988060250352,0.04611294168464042,2.26624678595715
