,total,Vaccinated,Declined,Contraindicated/unsuccessful,No Records,Vaccinated_percent,Declined_percent,Contraindicated/unsuccessful_percent,No Records_percent
Female,2021103.0,1691326.0,48237.0,1512.0,280028.0,83.68331549653827,2.386667082281309,0.07481063557870016,13.855206785601723
Male,2303553.0,1899513.0,57540.0,1988.0,344512.0,82.46013875087745,2.497880448159864,0.08630146560552987,14.955679335357164
