,total,Vaccinated,Declined,Inappropriate/unsuccessful,Unreached,Vaccinated_percent,Declined_percent,Inappropriate/unsuccessful_percent,Unreached_percent
Female,3137687.0,2645230.0,86177.0,2730.0,403550.0,84.30509480391129,2.7465135942495222,0.08700676644930638,12.86138483538989
Male,3174164.0,2658852.0,84196.0,2758.0,428358.0,83.76542610904792,2.652540952515371,0.08688902022706202,13.495143918209646
