,total,Vaccinated,Declined,Inappropriate/unsuccessful,Unreached,Vaccinated_percent,Declined_percent,Inappropriate/unsuccessful_percent,Unreached_percent
75-<80,1993362.0,1910475.0,33705.0,875.0,48307.0,95.84184909715346,1.6908619708813553,0.04389568979442515,2.4233932421707647
70-<75,2761416.0,2619456.0,50540.0,1603.0,89817.0,94.85915921396848,1.8302204376305489,0.058049928007960716,3.252570420393016
