,total,Vaccinated,Declined,Contraindicated/unsuccessful,No Records,Vaccinated_percent,Declined_percent,Contraindicated/unsuccessful_percent,No Records_percent
no,5912137.0,5038740.0,150031.0,4858.0,718508.0,85.22705072632789,2.5376780003575696,0.08216994971530767,12.153101323599234
yes,404068.0,285614.0,20650.0,553.0,97251.0,70.68463723927655,5.110525951077541,0.13685815258818934,24.067978657057722
