,total,Vaccinated,Declined,Contraindicated/unsuccessful,No Records,Vaccinated_percent,Declined_percent,Contraindicated/unsuccessful_percent,No Records_percent
16-<30,162687.0,121296.0,9338.0,308.0,31745.0,74.55789337808184,5.739856288455746,0.18932059722042993,19.512929736241986
30-<40,310303.0,243313.0,13930.0,560.0,52500.0,78.4114236729906,4.48916059464459,0.18046876762390696,16.918946964740915
40-<50,409689.0,351834.0,13587.0,406.0,43862.0,85.87831257368394,3.316418063457891,0.09909956088642957,10.70616980197174
50-<55,264726.0,235823.0,7889.0,189.0,20825.0,89.0819186630705,2.9800624041461736,0.07139457401237337,7.866624358770956
55-<60,288645.0,261751.0,7903.0,196.0,18795.0,90.68267248696496,2.737965320722687,0.06790348005334579,6.511458712259003
60-<65,284165.0,263088.0,6804.0,168.0,14105.0,92.58283039783224,2.3943835447715234,0.05912058135238851,4.963665476043848
65-<70,271299.0,256375.0,5411.0,126.0,9387.0,94.49905823464148,1.9944784168021261,0.04644322315969873,3.4600201253967025
