,total,Vaccinated,Declined,Inappropriate/unsuccessful,Unreached,Vaccinated_percent,Declined_percent,Inappropriate/unsuccessful_percent,Unreached_percent
no,3978926.0,3340792.0,88067.0,3038.0,547029.0,83.96215461157107,2.213335960507936,0.07635226189177047,13.748157166029225
yes,342020.0,233569.0,17360.0,511.0,90580.0,68.29103561195252,5.075726565697912,0.14940646745803576,26.483831354891528
