,total,Vaccinated,Declined,Contraindicated/unsuccessful,No Records,Vaccinated_percent,Declined_percent,Contraindicated/unsuccessful_percent,No Records_percent
Unknown,20321.0,17983.0,609.0,28.0,1701.0,88.4946606958319,2.9968997588701343,0.13778849466069687,8.370651050637273
1 (most deprived),612227.0,506114.0,27104.0,700.0,78309.0,82.66770331919369,4.427116086026915,0.11433667577549045,12.7908439190039
2,479486.0,407862.0,17843.0,413.0,53368.0,85.06233758649887,3.7212765336214195,0.08613390171976221,11.130251978159947
3,361445.0,321643.0,9835.0,364.0,29603.0,88.98808947419386,2.7210225622155515,0.10070688486491974,8.19018107872567
4,284879.0,261366.0,5873.0,252.0,17388.0,91.74632036759466,2.0615770204191954,0.08845860874265554,6.103644003243482
5 (least deprived),233170.0,218512.0,3605.0,189.0,10864.0,93.71359951966376,1.5460822575803062,0.08105673971780902,4.659261483038127
