,total,Vaccinated,Declined,Contraindicated/unsuccessful,No Records,Vaccinated_percent,Declined_percent,Contraindicated/unsuccessful_percent,No Records_percent
Female,1492519.0,1426992.0,34300.0,511.0,30716.0,95.60963713024759,2.2981281980329897,0.034237420093148785,2.0579972516262774
Male,1086351.0,1040746.0,19418.0,469.0,25718.0,95.80200137892817,1.7874517536229082,0.043172050285789965,2.3673748171631455
