,total,Vaccinated,Declined,Contraindicated/unsuccessful,No Records,Vaccinated_percent,Declined_percent,Contraindicated/unsuccessful_percent,No Records_percent
Unknown,1540.0,1491.0,14.0,7.0,28.0,96.81818181818181,0.9090909090909091,0.45454545454546746,1.8181818181818181
1 (most deprived),48160.0,45843.0,910.0,21.0,1386.0,95.18895348837209,1.8895348837209303,0.043604651162794994,2.877906976744186
2,50820.0,48475.0,945.0,35.0,1365.0,95.38567493112947,1.859504132231405,0.06887052341598121,2.6859504132231407
3,52444.0,50477.0,812.0,14.0,1141.0,96.2493326214629,1.5483182060864922,0.02669514148423957,2.1756540309663643
4,52220.0,50414.0,693.0,21.0,1092.0,96.54155495978553,1.3270777479892761,0.04021447721179072,2.091152815013405
5 (least deprived),47432.0,45962.0,588.0,14.0,868.0,96.90082644628099,1.2396694214876034,0.02951593860684909,1.8299881936245572
