,total,Vaccinated,Declined,Contraindicated/unsuccessful,No Records,Vaccinated_percent,Declined_percent,Contraindicated/unsuccessful_percent,No Records_percent
White,2557660.0,2191154.0,58618.0,2100.0,305788.0,85.67026109803493,2.2918605287645737,0.08210630029010701,11.955772072910394
Mixed,53074.0,34573.0,2443.0,84.0,15974.0,65.14112371405962,4.6030071221313635,0.15826958586124817,30.097599577947772
South Asian,318066.0,246358.0,6979.0,210.0,64519.0,77.45499361767683,2.1941986883225493,0.06602403274793289,20.284783661252696
Black,120078.0,67438.0,7196.0,105.0,45339.0,56.16182814503906,5.992771365279236,0.08744316194473356,37.75795732773697
Other,54698.0,37667.0,1813.0,84.0,15134.0,68.86357819298695,3.3145636037880726,0.15357051446122227,27.66828768876376
Unknown,1221066.0,1013621.0,28693.0,959.0,177793.0,83.0111558261388,2.3498320320113737,0.07853793324848368,14.560474208601336
