,total,Vaccinated,Declined,Inappropriate/unsuccessful,Unreached,Vaccinated_percent,Declined_percent,Inappropriate/unsuccessful_percent,Unreached_percent
Unknown,41496.0,34545.0,896.0,49.0,6006.0,83.24898785425101,2.1592442645074224,0.11808367071525083,14.473684210526315
1 (most deprived),1001469.0,746613.0,37142.0,1029.0,216685.0,74.55178343014113,3.708751843541837,0.1027490616284723,21.636715664688573
2,916699.0,731066.0,25816.0,665.0,159152.0,79.74984155104347,2.8161915743335597,0.07254289575968187,17.36142397886329
3,852348.0,722876.0,18487.0,651.0,110334.0,84.8099602509773,2.1689497716894977,0.07637725436089227,12.944712722972307
4,781046.0,685006.0,13608.0,672.0,81760.0,87.70366918209683,1.7422789438778254,0.08603846636434298,10.468013407661008
5 (least deprived),727867.0,654241.0,9464.0,497.0,63665.0,89.88469047229782,1.3002375433973514,0.06828170531154854,8.746790278993277
