,total,Vaccinated,Declined,Inappropriate/unsuccessful,Unreached,Vaccinated_percent,Declined_percent,Inappropriate/unsuccessful_percent,Unreached_percent
50-<55,3115245.0,2599982.0,48454.0,1876.0,464933.0,83.4599525879987,1.5553832844607727,0.06021998269798701,14.924444144842541
55-<60,2804977.0,2422784.0,41972.0,1610.0,338611.0,86.37446938067585,1.4963402551963885,0.057397975099263476,12.071792389028502
60-<65,2152640.0,1910293.0,33425.0,1288.0,207634.0,88.74187044745057,1.5527445369406867,0.05983350676378052,9.645551508844953
