,total,Vaccinated,Declined,Inappropriate/unsuccessful,Unreached,Vaccinated_percent,Declined_percent,Inappropriate/unsuccessful_percent,Unreached_percent
16-<30,271747.0,185969.0,10983.0,588.0,74207.0,68.43461013369053,4.041626954483398,0.21637773370082414,27.30738517812524
30-<40,377384.0,275051.0,13601.0,798.0,87934.0,72.8835880694465,3.6040213681555127,0.21145570559430382,23.30093485680368
40-<50,518833.0,434504.0,14112.0,651.0,69566.0,83.74640780366708,2.7199503501126565,0.1254739000795979,13.408167946140665
50-<55,381535.0,341719.0,8743.0,364.0,30709.0,89.56426015961839,2.291532886891111,0.09540409136776873,8.048802862122741
55-<60,460887.0,422373.0,9373.0,406.0,28735.0,91.64350480703513,2.033687216172294,0.08809100712322504,6.234716969669355
60-<65,491071.0,458661.0,8876.0,329.0,23205.0,93.40013969466737,1.8074779410716577,0.0669964221059729,4.725385942155004
65-<70,118433.0,112644.0,2233.0,91.0,3465.0,95.11200425557065,1.8854542230628288,0.07683669247592206,2.9257048288905962
