,total,Vaccinated,Declined,Inappropriate/unsuccessful,Unreached,Vaccinated_percent,Declined_percent,Inappropriate/unsuccessful_percent,Unreached_percent
Unknown,81270.0,76531.0,1519.0,56.0,3164.0,94.16881998277347,1.8690783807062876,0.0689061154177466,3.893195521102498
1 (most deprived),588007.0,536648.0,16450.0,798.0,34111.0,91.26558017166462,2.7975857430268687,0.1357126700872584,5.801121415221248
2,745976.0,697312.0,16373.0,567.0,31724.0,93.476465730801,2.1948427295248103,0.07600780722167144,4.252683732452518
3,966742.0,919149.0,15932.0,686.0,30975.0,95.07696986372787,1.6480094999493142,0.0709599872561597,3.2040606490666588
4,991697.0,949697.0,14315.0,735.0,26950.0,95.76483542856336,1.4434852580979876,0.07411538000013707,2.7175639333385098
5 (least deprived),976010.0,943005.0,10003.0,707.0,22295.0,96.61837481173349,1.0248870400918024,0.07243778239977416,2.284300365774941
