,total,Vaccinated,Declined,Inappropriate/unsuccessful,Unreached,Vaccinated_percent,Declined_percent,Inappropriate/unsuccessful_percent,Unreached_percent
16-<30,267764.0,177989.0,9961.0,574.0,79240.0,66.47234131548677,3.7200669246052493,0.21436787618948472,29.593223883718498
30-<40,372372.0,260946.0,12572.0,770.0,98084.0,70.07669749605233,3.376193698774344,0.20678246484698093,26.34032634032634
40-<50,512862.0,408807.0,13013.0,651.0,90391.0,79.7109163868643,2.537329730024841,0.12693473098026686,17.62481915213059
50-<55,377202.0,332129.0,8239.0,364.0,36470.0,88.05069962513454,2.1842408046616932,0.09650001855769119,9.668559551646068
55-<60,455812.0,412405.0,8869.0,399.0,34139.0,90.47699490140673,1.9457583389643098,0.08753608944037694,7.489710670188587
60-<65,486192.0,449939.0,8491.0,350.0,27412.0,92.54348076480073,1.7464293941488136,0.07198802119327752,5.638101819857176
65-<70,116935.0,110369.0,2212.0,91.0,4263.0,94.38491469619875,1.891649206824304,0.07782101167315147,3.645615085303801
