,total,Vaccinated,Declined,Inappropriate/unsuccessful,Unreached,Vaccinated_percent,Declined_percent,Inappropriate/unsuccessful_percent,Unreached_percent
Unknown,60179.0,49756.0,1386.0,70.0,8967.0,82.68000465278585,2.3031289984878445,0.11631964638827696,14.900546702338024
1 (most deprived),641396.0,489433.0,23282.0,1001.0,127680.0,76.30746060156284,3.6298947919849827,0.15606583140525743,19.906578775046928
2,546987.0,445606.0,15211.0,539.0,85631.0,81.46555585416107,2.7808704777261615,0.09853981904505815,15.655033849067712
3,515977.0,439425.0,11207.0,679.0,64666.0,85.16367977642415,2.171996038583115,0.13159501295599796,12.532729172036738
4,445732.0,389396.0,7560.0,518.0,48258.0,87.36101513914191,1.6960864375903009,0.11621332998304013,10.826685093284754
5 (least deprived),378868.0,338975.0,4704.0,399.0,34790.0,89.47047520508463,1.2415933781686497,0.10531372404109618,9.182617692705639
