,total,Vaccinated,Declined,Inappropriate/unsuccessful,Unreached,Vaccinated_percent,Declined_percent,Inappropriate/unsuccessful_percent,Unreached_percent
Unknown,68474.0,59038.0,917.0,42.0,8477.0,86.21958699652423,1.3391944387650787,0.06133714986710004,12.37988141484359
1 (most deprived),520128.0,398587.0,10157.0,385.0,110999.0,76.63248277347114,1.9527885443583117,0.07402024117141082,21.340708440999137
2,608545.0,500871.0,9275.0,427.0,97972.0,82.30632081440156,1.524127221487318,0.07016736642319188,16.099384597687926
3,726222.0,627893.0,8561.0,511.0,89257.0,86.46020087521447,1.1788406300001928,0.07036415861816181,12.290594336167178
4,742910.0,658504.0,7140.0,567.0,76699.0,88.63846226326204,0.9610854612267973,0.07632149250918019,10.324130783001978
5 (least deprived),722827.0,658588.0,4837.0,686.0,58716.0,91.11281122592266,0.6691781020908184,0.09490514327771393,8.123105528708805
