,total,Vaccinated,Declined,Inappropriate/unsuccessful,Unreached,Vaccinated_percent,Declined_percent,Inappropriate/unsuccessful_percent,Unreached_percent
no,2565773.0,2145563.0,62160.0,3038.0,355012.0,83.62247946330405,2.4226617085767135,0.11840486278403262,13.836453965335203
yes,23380.0,7035.0,1211.0,147.0,14987.0,30.089820359281436,5.179640718562874,0.6287425149700567,64.10179640718563
