,total,Vaccinated,Declined,Inappropriate/unsuccessful,Unreached,Vaccinated_percent,Declined_percent,Inappropriate/unsuccessful_percent,Unreached_percent
Unknown,61768.0,52423.0,1505.0,77.0,7763.0,84.87080689029918,2.4365367180417046,0.12466001813237426,12.567996373526745
1 (most deprived),646849.0,508277.0,25200.0,1029.0,112343.0,78.57738050147717,3.895808759076693,0.15907885766230834,17.367731881783847
2,552832.0,461650.0,16289.0,539.0,74354.0,83.50638168557536,2.946464748784441,0.09749797406807659,13.449655591572123
3,522886.0,454916.0,11928.0,665.0,55377.0,87.00099065570699,2.281185573910948,0.12717877319339266,10.59064499718868
4,452081.0,403424.0,7980.0,511.0,40166.0,89.2371057399006,1.7651704008794884,0.11303284145982673,8.884691017760092
5 (least deprived),383474.0,350238.0,5019.0,399.0,27818.0,91.33291957212224,1.3088240662991493,0.10404877514511668,7.2542075864335
