,total,Vaccinated,Declined,Inappropriate/unsuccessful,Unreached,Vaccinated_percent,Declined_percent,Inappropriate/unsuccessful_percent,Unreached_percent
White,1362158.0,1160999.0,30534.0,1687.0,168938.0,85.23232987656351,2.2415901826366693,0.12384760064544764,12.402232340154372
Mixed,29575.0,19887.0,1477.0,84.0,8127.0,67.24260355029585,4.994082840236686,0.28402366863905115,27.4792899408284
South Asian,195139.0,147707.0,5565.0,280.0,41587.0,75.69322380457008,2.8518133228109193,0.1434874627829288,21.311475409836067
Black,62846.0,38759.0,3955.0,126.0,20006.0,61.67297839162397,6.293161060369793,0.2004900868790287,31.8333704611272
Other,31451.0,21077.0,1393.0,70.0,8911.0,67.01535722234587,4.429111951925217,0.222568439795225,28.332962385933676
Unknown,907970.0,764162.0,20426.0,959.0,122423.0,84.16159124200139,2.2496337984735177,0.10562022974326624,13.483154729781822
